"/photos/1119.png", "/photos/1241.png", "/photos/1497.png"
"/photos/1119.png", "/photos/1241.png", "/photos/636.png"
"/photos/1119.png", "/photos/21.png", "/photos/1497.png"
"/photos/1119.png", "/photos/1241.png", "/photos/237.png"
"/photos/1119.png", "/photos/21.png", "/photos/619.png"
"/photos/1119.png", "/photos/21.png", "/photos/1752.png"
"/photos/1119.png", "/photos/21.png", "/photos/636.png"
"/photos/1497.png", "/photos/1497.png", "/photos/1241.png"
"/photos/1497.png", "/photos/1497.png", "/photos/21.png"
"/photos/1497.png", "/photos/237.png", "/photos/1241.png"
"/photos/1119.png", "/photos/1241.png", "/photos/619.png"
"/photos/1497.png", "/photos/619.png", "/photos/1241.png"
"/photos/1497.png", "/photos/619.png", "/photos/21.png"
"/photos/1497.png", "/photos/1752.png", "/photos/1241.png"
"/photos/1497.png", "/photos/1752.png", "/photos/21.png"
"/photos/1497.png", "/photos/636.png", "/photos/1241.png"
"/photos/1119.png", "/photos/1241.png", "/photos/1752.png"
"/photos/1119.png", "/photos/21.png", "/photos/237.png"
"/photos/1497.png", "/photos/636.png", "/photos/21.png"
"/photos/1497.png", "/photos/237.png", "/photos/21.png"
"/photos/804.png", "/photos/1667.png", "/photos/518.png"
"/photos/804.png", "/photos/1653.png", "/photos/553.png"
"/photos/804.png", "/photos/1653.png", "/photos/518.png"
"/photos/553.png", "/photos/553.png", "/photos/1667.png"
"/photos/553.png", "/photos/601.png", "/photos/1667.png"
"/photos/553.png", "/photos/601.png", "/photos/1653.png"
"/photos/553.png", "/photos/553.png", "/photos/1653.png"
"/photos/553.png", "/photos/518.png", "/photos/1667.png"
"/photos/553.png", "/photos/518.png", "/photos/1653.png"
"/photos/804.png", "/photos/1667.png", "/photos/601.png"
"/photos/804.png", "/photos/1667.png", "/photos/553.png"
"/photos/804.png", "/photos/1653.png", "/photos/601.png"
"/photos/1119.png", "/photos/1241.png", "/photos/237.png"
"/photos/1119.png", "/photos/1241.png", "/photos/1752.png"
"/photos/1119.png", "/photos/1241.png", "/photos/1497.png"
"/photos/1119.png", "/photos/21.png", "/photos/237.png"
"/photos/1119.png", "/photos/21.png", "/photos/619.png"
"/photos/1119.png", "/photos/21.png", "/photos/1752.png"
"/photos/1119.png", "/photos/21.png", "/photos/636.png"
"/photos/1497.png", "/photos/1497.png", "/photos/1241.png"
"/photos/1497.png", "/photos/1497.png", "/photos/21.png"
"/photos/1497.png", "/photos/237.png", "/photos/1241.png"
"/photos/1497.png", "/photos/237.png", "/photos/21.png"
"/photos/1119.png", "/photos/1241.png", "/photos/619.png"
"/photos/1497.png", "/photos/619.png", "/photos/21.png"
"/photos/1497.png", "/photos/1752.png", "/photos/1241.png"
"/photos/1497.png", "/photos/1752.png", "/photos/21.png"
"/photos/1497.png", "/photos/636.png", "/photos/1241.png"
"/photos/1497.png", "/photos/636.png", "/photos/21.png"
"/photos/1119.png", "/photos/1241.png", "/photos/636.png"
"/photos/1119.png", "/photos/21.png", "/photos/1497.png"
"/photos/1497.png", "/photos/619.png", "/photos/1241.png"
"/photos/804.png", "/photos/1667.png", "/photos/553.png"
"/photos/804.png", "/photos/1653.png", "/photos/553.png"
"/photos/804.png", "/photos/1667.png", "/photos/601.png"
"/photos/553.png", "/photos/553.png", "/photos/1653.png"
"/photos/553.png", "/photos/601.png", "/photos/1667.png"
"/photos/804.png", "/photos/1667.png", "/photos/518.png"
"/photos/553.png", "/photos/518.png", "/photos/1667.png"
"/photos/553.png", "/photos/518.png", "/photos/1653.png"
"/photos/553.png", "/photos/601.png", "/photos/1653.png"
"/photos/804.png", "/photos/1653.png", "/photos/518.png"
"/photos/553.png", "/photos/553.png", "/photos/1667.png"
"/photos/804.png", "/photos/1653.png", "/photos/601.png"
